user:63,-1,312                                            
flask_cache_view//square/12,271,456                       
flask_cache_view//square/43,272,456                       
user:76,-1,312                                            
user:47,-1,312                                            
user:199,-1,312                                           
user:35,-1,312                                            
flask_cache_view//square/22,271,456                       
flask_cache_view//square/49,272,456                       
flask_cache_view//square/45,272,456                       
user:54,-1,312                                            
user:103,-1,312                                           
user:141,-1,312                                           
user:100,-1,312                                           
flask_cache_view//square/38,272,456                       
user:127,-1,312                                           
user:60,-1,312                                            
flask_cache_view//square/3,270,392                        
user:110,-1,312                                           
flask_cache_view//cube/1,272,392                          
user:44,-1,312                                            
flask_cache_view//cube/13,272,456                         
user:55,-1,312                                            
flask_cache_view//cube/49,274,456                         
user:122,-1,312                                           
user:163,-1,312                                           
flask_cache_view//cube/32,273,456                         
user:192,-1,312                                           
user:159,-1,312                                           
user:31,-1,312                                            
user:86,-1,312                                            
user:71,-1,312                                            
user:62,-1,312                                            
flask_cache_view//cube/8,271,456                          
user:27,-1,312                                            
user:152,-1,312                                           
user:190,-1,312                                           
user:160,-1,312                                           
user:166,-1,312                                           
flask_cache_view//cube/21,271,456                         
user:17,-1,312                                            
user:121,-1,312                                           
user:3,-1,304                                             
flask_cache_view//cube/34,271,456                         
user:93,-1,312                                            
user:50,-1,312                                            
user:179,-1,312                                           
flask_cache_view//cube/4,269,456                          
flask_cache_view//cube/39,271,456                         
flask_cache_view//cube/14,270,456                         
flask_cache_view//cube/10,269,456                         
flask_cache_view//square/29,268,456                       
user:52,-1,312                                            
user:115,-1,312                                           
user:155,-1,312                                           
flask_cache_view//square/36,268,456                       
user:119,-1,312                                           
user:90,-1,312                                            
flask_cache_view//cube/19,270,456                         
user:16,-1,312                                            
flask_cache_view//cube/33,270,456                         
flask_cache_view//cube/16,269,456                         
user:129,-1,312                                           
flask_cache_view//cube/29,270,456                         
flask_cache_view//cube/41,270,456                         
user:82,-1,312                                            
user:157,-1,312                                           
flask_cache_view//cube/3,269,456                          
user:185,-1,312                                           
user:53,-1,312                                            
user:131,-1,312                                           
flask_cache_view//square/50,268,456                       
user:153,-1,312                                           
flask_cache_view//cube/27,270,456                         
flask_cache_view//cube/17,269,456                         
flask_cache_view//cube/11,268,456                         
user:5,-1,304                                             
user:38,-1,312                                            
user:33,-1,312                                            
user:61,-1,312                                            
user:84,-1,312                                            
user:150,-1,312                                           
user:24,-1,280                                            
user:168,-1,312                                           
flask_cache_view//cube/5,268,456                          
user:95,-1,312                                            
user:18,-1,312                                            
flask_cache_view//cube/43,270,456                         
user:169,-1,280                                           
user:180,-1,312                                           
user:164,-1,312                                           
flask_cache_view//square/30,267,456                       
user:139,-1,312                                           
user:200,-1,312                                           
user:175,-1,312                                           
user:125,-1,312                                           
flask_cache_view//square/44,267,456                       
flask_cache_view//cube/20,268,456                         
user:65,-1,312                                            
flask_cache_view//cube/38,269,456                         
flask_cache_view//square/33,267,456                       
user:174,-1,312                                           
flask_cache_view//cube/25,269,456                         
user:30,-1,312                                            
user:178,-1,312                                           
user:186,-1,312                                           
user:136,-1,312                                           
user:113,-1,312                                           
flask_cache_view//square/8,265,456                        
flask_cache_view//square/5,265,456                        
flask_cache_view//square/23,266,456                       
user:191,-1,312                                           
flask_cache_view//square/37,266,456                       
user:40,-1,312                                            
user:14,-1,280                                            
user:158,-1,312                                           
user:161,-1,312                                           
user:12,-1,312                                            
flask_cache_view//square/40,266,456                       
user:73,-1,312                                            
user:89,-1,312                                            
user:151,-1,312                                           
user:34,-1,312                                            
user:194,-1,312                                           
user:78,-1,312                                            
user:162,-1,312                                           
user:104,-1,312                                           
user:165,-1,312                                           
user:72,-1,280                                            
user:171,-1,312                                           
user:188,-1,312                                           
user:111,-1,312                                           
flask_cache_view//square/35,266,456                       
user:96,-1,312                                            
user:105,-1,312                                           
user:109,-1,312                                           
flask_cache_view//square/47,266,456                       
user:56,-1,312                                            
user:128,-1,312                                           
user:9,-1,304                                             
user:4,-1,272                                             
flask_cache_view//square/26,265,456                       
user:8,-1,304                                             
flask_cache_view//square/18,264,456                       
user:13,-1,312                                            
flask_cache_view//square/13,264,456                       
user:49,-1,312                                            
user:130,-1,312                                           
user:140,-1,312                                           
user:182,-1,312                                           
user:39,-1,312                                            
flask_cache_view//square/11,264,456                       
user:193,-1,312                                           
user:88,-1,312                                            
user:42,-1,312                                            
flask_cache_view//square/41,265,456                       
user:45,-1,312                                            
user:135,-1,312                                           
user:197,-1,312                                           
flask_cache_view//square/19,264,456                       
flask_cache_view//square/28,264,456                       
user:70,-1,312                                            
flask_cache_view//square/15,263,456                       
user:184,-1,312                                           
flask_cache_view//cube/40,267,456                         
user:181,-1,312                                           
flask_cache_view//cube/35,266,456                         
user:66,-1,280                                            
user:6,-1,304                                             
flask_cache_view//cube/46,267,456                         
user:81,-1,312                                            
user:108,-1,312                                           
user:43,-1,312                                            
flask_cache_view//square/14,263,456                       
flask_cache_view//square/46,264,456                       
user:196,-1,280                                           
flask_cache_view//square/48,264,456                       
user:19,-1,312                                            
user:1,-1,304                                             
user:64,-1,312                                            
user:80,-1,312                                            
user:92,-1,312                                            
flask_cache_view//cube/22,264,456                         
user:147,-1,312                                           
user:10,-1,312                                            
user:97,-1,312                                            
user:77,-1,312                                            
user:74,-1,312                                            
user:67,-1,312                                            
user:2,-1,304                                             
user:195,-1,312                                           
user:58,-1,312                                            
user:149,-1,312                                           
flask_cache_view//cube/23,263,456                         
user:112,-1,312                                           
flask_cache_view//cube/26,263,456                         
flask_cache_view//cube/48,264,456                         
user:167,-1,312                                           
user:120,-1,312                                           
user:124,-1,312                                           
user:94,-1,312                                            
user:189,-1,312                                           
user:198,-1,312                                           
flask_cache_view//cube/15,262,456                         
flask_cache_view//cube/47,264,456                         
user:137,-1,312                                           
flask_cache_view//cube/9,262,456                          
user:132,-1,280                                           
user:172,-1,312                                           
user:117,-1,312                                           
user:25,-1,312                                            
flask_cache_view//square/9,260,456                        
flask_cache_view//square/21,260,456                       
user:23,-1,312                                            
user:75,-1,312                                            
flask_cache_view//cube/24,262,456                         
flask_cache_view//cube/6,261,456                          
flask_cache_view//cube/2,261,392                          
user:91,-1,312                                            
user:146,-1,312                                           
flask_cache_view//square/20,260,456                       
user:183,-1,312                                           
flask_cache_view//cube/44,263,456                         
user:134,-1,312                                           
user:101,-1,312                                           
user:68,-1,312                                            
flask_cache_view//cube/30,262,456                         
user:144,-1,312                                           
flask_cache_view//cube/28,262,456                         
flask_cache_view//square/6,259,456                        
user:98,-1,312                                            
user:11,-1,312                                            
flask_cache_view//square/31,259,456                       
flask_cache_view//square/39,259,456                       
user:123,-1,312                                           
user:99,-1,280                                            
user:83,-1,312                                            
flask_cache_view//square/10,258,456                       
flask_cache_view//square/2,257,392                        
user:126,-1,312                                           
user:59,-1,312                                            
flask_cache_view//cube/50,261,456                         
user:176,-1,312                                           
flask_cache_view//square/42,259,456                       
user:148,-1,312                                           
flask_cache_view//cube/7,259,456                          
user:85,-1,312                                            
user:106,-1,280                                           
user:57,-1,312                                            
flask_cache_view//cube/45,261,456                         
user:154,-1,312                                           
flask_cache_view//square/27,258,456                       
user:29,-1,280                                            
user:22,-1,312                                            
flask_cache_view//square/25,258,456                       
user:118,-1,312                                           
flask_cache_view//cube/42,261,456                         
flask_cache_view//square/24,257,456                       
user:26,-1,280                                            
user:87,-1,312                                            
user:7,-1,304                                             
user:15,-1,312                                            
flask_cache_view//cube/31,260,456                         
user:28,-1,312                                            
user:20,-1,312                                            
user:143,-1,312                                           
user:133,-1,312                                           
user:142,-1,280                                           
flask_cache_view//cube/37,260,456                         
user:107,-1,312                                           
user:36,-1,312                                            
user:37,-1,312                                            
user:32,-1,312                                            
flask_cache_view//square/4,256,456                        
user:114,-1,312                                           
user:173,-1,312                                           
flask_cache_view//cube/36,260,456                         
flask_cache_view//square/1,253,392                        
user:145,-1,312                                           
user:46,-1,312                                            
user:79,-1,312                                            
flask_cache_view//square/32,257,456                       
user:48,-1,312                                            
user:41,-1,312                                            
user:69,-1,312                                            
user:187,-1,312                                           
flask_cache_view//cube/12,258,456                         
flask_cache_view//square/16,256,456                       
user:51,-1,312                                            
user:170,-1,312                                           
user:116,-1,312                                           
flask_cache_view//square/7,256,456                        
flask_cache_view//cube/18,258,456                         
user:156,-1,312                                           
user:21,-1,312                                            
flask_cache_view//square/17,256,456                       
user:102,-1,312                                           
user:138,-1,312                                           
flask_cache_view//square/34,256,456                       
user:177,-1,312